age_group,total_cost,patients
60+,81165007.6199999,1793
Under 25,49691529.98999938,1121
41-60,40291058.43000012,888
25-40,31927660.559999727,698
