gender,total_patients,total_cost,avg_claim
F,2282,103095214.01999812,5019.729964942941
M,2218,99980042.57999973,5008.518313796199
