ServiceID,ProcedureCode,total_cost
532,YG957,89974.79999999999
3650,NK595,89960.58
1465,LK785,89947.79999999999
3403,PQ242,89901.36000000002
1955,GG394,89852.76
1055,IE713,89815.95000000001
2530,QC638,89805.87
4257,YP425,89799.48
3408,PC197,89788.68000000002
3503,FL214,89753.94000000002
